"REF_DATE","GEO","DGUID","Wages","Type of work","National Occupational Classification (NOC)","Sex","Age group","UOM","UOM_ID","SCALAR_FACTOR","SCALAR_ID","VECTOR","COORDINATE","VALUE","STATUS","SYMBOL","TERMINATED","DECIMALS"
"2018","Canada","2016A000011124","Average weekly wage rate","Part-time employees","Total employees, all occupations [00-95]","Both sexes","15 years and over","Current dollars","75","units","0","v1481409029","1.3.3.1.1.1","345.99","","","","2"
"2019","Canada","2016A000011124","Average weekly wage rate","Part-time employees","Total employees, all occupations [00-95]","Both sexes","15 years and over","Current dollars","75","units","0","v1481409029","1.3.3.1.1.1","354.61","","","","2"
"2020","Canada","2016A000011124","Average weekly wage rate","Part-time employees","Total employees, all occupations [00-95]","Both sexes","15 years and over","Current dollars","75","units","0","v1481409029","1.3.3.1.1.1","373.42","","","","2"
"2021","Canada","2016A000011124","Average weekly wage rate","Part-time employees","Total employees, all occupations [00-95]","Both sexes","15 years and over","Current dollars","75","units","0","v1481409029","1.3.3.1.1.1","377.97","","","","2"
"2022","Canada","2016A000011124","Average weekly wage rate","Part-time employees","Total employees, all occupations [00-95]","Both sexes","15 years and over","Current dollars","75","units","0","v1481409029","1.3.3.1.1.1","389.14","","","","2"
"2023","Canada","2016A000011124","Average weekly wage rate","Part-time employees","Total employees, all occupations [00-95]","Both sexes","15 years and over","Current dollars","75","units","0","v1481409029","1.3.3.1.1.1","404.60","","","","2"
"2018","Canada","2016A000011124","Average weekly wage rate","Part-time employees","Management occupations [00, 10, 20, 30, 40, 50, 60, 70, 80, 90]","Both sexes","15 years and over","Current dollars","75","units","0","v1481409041","1.3.3.2.1.1","686.96","","","","2"
"2019","Canada","2016A000011124","Average weekly wage rate","Part-time employees","Management occupations [00, 10, 20, 30, 40, 50, 60, 70, 80, 90]","Both sexes","15 years and over","Current dollars","75","units","0","v1481409041","1.3.3.2.1.1","658.44","","","","2"
"2020","Canada","2016A000011124","Average weekly wage rate","Part-time employees","Management occupations [00, 10, 20, 30, 40, 50, 60, 70, 80, 90]","Both sexes","15 years and over","Current dollars","75","units","0","v1481409041","1.3.3.2.1.1","708.18","","","","2"
"2021","Canada","2016A000011124","Average weekly wage rate","Part-time employees","Management occupations [00, 10, 20, 30, 40, 50, 60, 70, 80, 90]","Both sexes","15 years and over","Current dollars","75","units","0","v1481409041","1.3.3.2.1.1","717.38","","","","2"
"2022","Canada","2016A000011124","Average weekly wage rate","Part-time employees","Management occupations [00, 10, 20, 30, 40, 50, 60, 70, 80, 90]","Both sexes","15 years and over","Current dollars","75","units","0","v1481409041","1.3.3.2.1.1","781.61","","","","2"
"2023","Canada","2016A000011124","Average weekly wage rate","Part-time employees","Management occupations [00, 10, 20, 30, 40, 50, 60, 70, 80, 90]","Both sexes","15 years and over","Current dollars","75","units","0","v1481409041","1.3.3.2.1.1","819.38","","","","2"
"2018","Canada","2016A000011124","Average weekly wage rate","Part-time employees","Legislative and senior management occupations [00]","Both sexes","15 years and over","Current dollars","75","units","0","v1481409053","1.3.3.3.1.1","622.16","","","","2"
"2019","Canada","2016A000011124","Average weekly wage rate","Part-time employees","Legislative and senior management occupations [00]","Both sexes","15 years and over","Current dollars","75","units","0","v1481409053","1.3.3.3.1.1","527.11","","","","2"
"2020","Canada","2016A000011124","Average weekly wage rate","Part-time employees","Legislative and senior management occupations [00]","Both sexes","15 years and over","Current dollars","75","units","0","v1481409053","1.3.3.3.1.1","766.95","","","","2"
"2021","Canada","2016A000011124","Average weekly wage rate","Part-time employees","Legislative and senior management occupations [00]","Both sexes","15 years and over","Current dollars","75","units","0","v1481409053","1.3.3.3.1.1","657.66","","","","2"
"2022","Canada","2016A000011124","Average weekly wage rate","Part-time employees","Legislative and senior management occupations [00]","Both sexes","15 years and over","Current dollars","75","units","0","v1481409053","1.3.3.3.1.1","437.39","","","","2"
"2023","Canada","2016A000011124","Average weekly wage rate","Part-time employees","Legislative and senior management occupations [00]","Both sexes","15 years and over","Current dollars","75","units","0","v1481409053","1.3.3.3.1.1","533.41","","","","2"
"2018","Canada","2016A000011124","Average weekly wage rate","Part-time employees","Specialized middle management occupations [10, 20, 30, 40, 50]","Both sexes","15 years and over","Current dollars","75","units","0","v1481409065","1.3.3.4.1.1","808.18","","","","2"
"2019","Canada","2016A000011124","Average weekly wage rate","Part-time employees","Specialized middle management occupations [10, 20, 30, 40, 50]","Both sexes","15 years and over","Current dollars","75","units","0","v1481409065","1.3.3.4.1.1","770.78","","","","2"
"2020","Canada","2016A000011124","Average weekly wage rate","Part-time employees","Specialized middle management occupations [10, 20, 30, 40, 50]","Both sexes","15 years and over","Current dollars","75","units","0","v1481409065","1.3.3.4.1.1","790.67","","","","2"
"2021","Canada","2016A000011124","Average weekly wage rate","Part-time employees","Specialized middle management occupations [10, 20, 30, 40, 50]","Both sexes","15 years and over","Current dollars","75","units","0","v1481409065","1.3.3.4.1.1","863.01","","","","2"
"2022","Canada","2016A000011124","Average weekly wage rate","Part-time employees","Specialized middle management occupations [10, 20, 30, 40, 50]","Both sexes","15 years and over","Current dollars","75","units","0","v1481409065","1.3.3.4.1.1","981.28","","","","2"
"2023","Canada","2016A000011124","Average weekly wage rate","Part-time employees","Specialized middle management occupations [10, 20, 30, 40, 50]","Both sexes","15 years and over","Current dollars","75","units","0","v1481409065","1.3.3.4.1.1","903.54","","","","2"
"2018","Canada","2016A000011124","Average weekly wage rate","Part-time employees","Middle management occupations in retail and wholesale trade and customer services [60]","Both sexes","15 years and over","Current dollars","75","units","0","v1481409077","1.3.3.5.1.1","356.24","","","","2"
"2019","Canada","2016A000011124","Average weekly wage rate","Part-time employees","Middle management occupations in retail and wholesale trade and customer services [60]","Both sexes","15 years and over","Current dollars","75","units","0","v1481409077","1.3.3.5.1.1","494.36","","","","2"
"2020","Canada","2016A000011124","Average weekly wage rate","Part-time employees","Middle management occupations in retail and wholesale trade and customer services [60]","Both sexes","15 years and over","Current dollars","75","units","0","v1481409077","1.3.3.5.1.1","463.60","","","","2"
"2021","Canada","2016A000011124","Average weekly wage rate","Part-time employees","Middle management occupations in retail and wholesale trade and customer services [60]","Both sexes","15 years and over","Current dollars","75","units","0","v1481409077","1.3.3.5.1.1","462.87","","","","2"
"2022","Canada","2016A000011124","Average weekly wage rate","Part-time employees","Middle management occupations in retail and wholesale trade and customer services [60]","Both sexes","15 years and over","Current dollars","75","units","0","v1481409077","1.3.3.5.1.1","571.18","","","","2"
"2023","Canada","2016A000011124","Average weekly wage rate","Part-time employees","Middle management occupations in retail and wholesale trade and customer services [60]","Both sexes","15 years and over","Current dollars","75","units","0","v1481409077","1.3.3.5.1.1","778.68","","","","2"
"2018","Canada","2016A000011124","Average weekly wage rate","Part-time employees","Middle management occupations in trades, transportation, production and utilities [70, 80, 90]","Both sexes","15 years and over","Current dollars","75","units","0","v1481409089","1.3.3.6.1.1","761.85","","","","2"
"2019","Canada","2016A000011124","Average weekly wage rate","Part-time employees","Middle management occupations in trades, transportation, production and utilities [70, 80, 90]","Both sexes","15 years and over","Current dollars","75","units","0","v1481409089","1.3.3.6.1.1","752.75","","","","2"
"2020","Canada","2016A000011124","Average weekly wage rate","Part-time employees","Middle management occupations in trades, transportation, production and utilities [70, 80, 90]","Both sexes","15 years and over","Current dollars","75","units","0","v1481409089","1.3.3.6.1.1","797.32","","","","2"
"2021","Canada","2016A000011124","Average weekly wage rate","Part-time employees","Middle management occupations in trades, transportation, production and utilities [70, 80, 90]","Both sexes","15 years and over","Current dollars","75","units","0","v1481409089","1.3.3.6.1.1","815.80","","","","2"
"2022","Canada","2016A000011124","Average weekly wage rate","Part-time employees","Middle management occupations in trades, transportation, production and utilities [70, 80, 90]","Both sexes","15 years and over","Current dollars","75","units","0","v1481409089","1.3.3.6.1.1","729.72","","","","2"
"2023","Canada","2016A000011124","Average weekly wage rate","Part-time employees","Middle management occupations in trades, transportation, production and utilities [70, 80, 90]","Both sexes","15 years and over","Current dollars","75","units","0","v1481409089","1.3.3.6.1.1","892.45","","","","2"
"2018","Canada","2016A000011124","Average weekly wage rate","Part-time employees","Business, finance and administration occupations, except management [11-14]","Both sexes","15 years and over","Current dollars","75","units","0","v1481409101","1.3.3.7.1.1","406.41","","","","2"
"2019","Canada","2016A000011124","Average weekly wage rate","Part-time employees","Business, finance and administration occupations, except management [11-14]","Both sexes","15 years and over","Current dollars","75","units","0","v1481409101","1.3.3.7.1.1","410.62","","","","2"
"2020","Canada","2016A000011124","Average weekly wage rate","Part-time employees","Business, finance and administration occupations, except management [11-14]","Both sexes","15 years and over","Current dollars","75","units","0","v1481409101","1.3.3.7.1.1","441.52","","","","2"
"2021","Canada","2016A000011124","Average weekly wage rate","Part-time employees","Business, finance and administration occupations, except management [11-14]","Both sexes","15 years and over","Current dollars","75","units","0","v1481409101","1.3.3.7.1.1","435.06","","","","2"
"2022","Canada","2016A000011124","Average weekly wage rate","Part-time employees","Business, finance and administration occupations, except management [11-14]","Both sexes","15 years and over","Current dollars","75","units","0","v1481409101","1.3.3.7.1.1","456.98","","","","2"
"2023","Canada","2016A000011124","Average weekly wage rate","Part-time employees","Business, finance and administration occupations, except management [11-14]","Both sexes","15 years and over","Current dollars","75","units","0","v1481409101","1.3.3.7.1.1","480.42","","","","2"
"2018","Canada","2016A000011124","Average weekly wage rate","Part-time employees","Professional occupations in finance and business [11]","Both sexes","15 years and over","Current dollars","75","units","0","v1481409113","1.3.3.8.1.1","604.23","","","","2"
"2019","Canada","2016A000011124","Average weekly wage rate","Part-time employees","Professional occupations in finance and business [11]","Both sexes","15 years and over","Current dollars","75","units","0","v1481409113","1.3.3.8.1.1","658.44","","","","2"
"2020","Canada","2016A000011124","Average weekly wage rate","Part-time employees","Professional occupations in finance and business [11]","Both sexes","15 years and over","Current dollars","75","units","0","v1481409113","1.3.3.8.1.1","653.16","","","","2"
"2021","Canada","2016A000011124","Average weekly wage rate","Part-time employees","Professional occupations in finance and business [11]","Both sexes","15 years and over","Current dollars","75","units","0","v1481409113","1.3.3.8.1.1","576.66","","","","2"
"2022","Canada","2016A000011124","Average weekly wage rate","Part-time employees","Professional occupations in finance and business [11]","Both sexes","15 years and over","Current dollars","75","units","0","v1481409113","1.3.3.8.1.1","648.01","","","","2"
"2023","Canada","2016A000011124","Average weekly wage rate","Part-time employees","Professional occupations in finance and business [11]","Both sexes","15 years and over","Current dollars","75","units","0","v1481409113","1.3.3.8.1.1","729.13","","","","2"
"2018","Canada","2016A000011124","Average weekly wage rate","Part-time employees","Professional occupations in finance [111]","Both sexes","15 years and over","Current dollars","75","units","0","v1481409125","1.3.3.9.1.1","697.85","","","","2"
"2019","Canada","2016A000011124","Average weekly wage rate","Part-time employees","Professional occupations in finance [111]","Both sexes","15 years and over","Current dollars","75","units","0","v1481409125","1.3.3.9.1.1","793.08","","","","2"
"2020","Canada","2016A000011124","Average weekly wage rate","Part-time employees","Professional occupations in finance [111]","Both sexes","15 years and over","Current dollars","75","units","0","v1481409125","1.3.3.9.1.1","788.26","","","","2"
"2021","Canada","2016A000011124","Average weekly wage rate","Part-time employees","Professional occupations in finance [111]","Both sexes","15 years and over","Current dollars","75","units","0","v1481409125","1.3.3.9.1.1","580.69","","","","2"
"2022","Canada","2016A000011124","Average weekly wage rate","Part-time employees","Professional occupations in finance [111]","Both sexes","15 years and over","Current dollars","75","units","0","v1481409125","1.3.3.9.1.1","733.72","","","","2"
"2023","Canada","2016A000011124","Average weekly wage rate","Part-time employees","Professional occupations in finance [111]","Both sexes","15 years and over","Current dollars","75","units","0","v1481409125","1.3.3.9.1.1","907.21","","","","2"
"2018","Canada","2016A000011124","Average weekly wage rate","Part-time employees","Professional occupations in business [112]","Both sexes","15 years and over","Current dollars","75","units","0","v1481409137","1.3.3.10.1.1","564.45","","","","2"
"2019","Canada","2016A000011124","Average weekly wage rate","Part-time employees","Professional occupations in business [112]","Both sexes","15 years and over","Current dollars","75","units","0","v1481409137","1.3.3.10.1.1","590.88","","","","2"
"2020","Canada","2016A000011124","Average weekly wage rate","Part-time employees","Professional occupations in business [112]","Both sexes","15 years and over","Current dollars","75","units","0","v1481409137","1.3.3.10.1.1","576.03","","","","2"
"2021","Canada","2016A000011124","Average weekly wage rate","Part-time employees","Professional occupations in business [112]","Both sexes","15 years and over","Current dollars","75","units","0","v1481409137","1.3.3.10.1.1","574.50","","","","2"
"2022","Canada","2016A000011124","Average weekly wage rate","Part-time employees","Professional occupations in business [112]","Both sexes","15 years and over","Current dollars","75","units","0","v1481409137","1.3.3.10.1.1","587.39","","","","2"
"2023","Canada","2016A000011124","Average weekly wage rate","Part-time employees","Professional occupations in business [112]","Both sexes","15 years and over","Current dollars","75","units","0","v1481409137","1.3.3.10.1.1","585.83","","","","2"
"2018","Canada","2016A000011124","Average weekly wage rate","Part-time employees","Administrative and financial supervisors and specialized administrative occupations [12]","Both sexes","15 years and over","Current dollars","75","units","0","v1481409149","1.3.3.11.1.1","446.55","","","","2"
"2019","Canada","2016A000011124","Average weekly wage rate","Part-time employees","Administrative and financial supervisors and specialized administrative occupations [12]","Both sexes","15 years and over","Current dollars","75","units","0","v1481409149","1.3.3.11.1.1","465.58","","","","2"
"2020","Canada","2016A000011124","Average weekly wage rate","Part-time employees","Administrative and financial supervisors and specialized administrative occupations [12]","Both sexes","15 years and over","Current dollars","75","units","0","v1481409149","1.3.3.11.1.1","489.35","","","","2"
"2021","Canada","2016A000011124","Average weekly wage rate","Part-time employees","Administrative and financial supervisors and specialized administrative occupations [12]","Both sexes","15 years and over","Current dollars","75","units","0","v1481409149","1.3.3.11.1.1","469.82","","","","2"
"2022","Canada","2016A000011124","Average weekly wage rate","Part-time employees","Administrative and financial supervisors and specialized administrative occupations [12]","Both sexes","15 years and over","Current dollars","75","units","0","v1481409149","1.3.3.11.1.1","518.98","","","","2"
"2023","Canada","2016A000011124","Average weekly wage rate","Part-time employees","Administrative and financial supervisors and specialized administrative occupations [12]","Both sexes","15 years and over","Current dollars","75","units","0","v1481409149","1.3.3.11.1.1","545.39","","","","2"
"2018","Canada","2016A000011124","Average weekly wage rate","Part-time employees","Administrative occupations and transportation logistics occupations [13]","Both sexes","15 years and over","Current dollars","75","units","0","v1481409161","1.3.3.12.1.1","452.67","","","","2"
"2019","Canada","2016A000011124","Average weekly wage rate","Part-time employees","Administrative occupations and transportation logistics occupations [13]","Both sexes","15 years and over","Current dollars","75","units","0","v1481409161","1.3.3.12.1.1","433.57","","","","2"
"2020","Canada","2016A000011124","Average weekly wage rate","Part-time employees","Administrative occupations and transportation logistics occupations [13]","Both sexes","15 years and over","Current dollars","75","units","0","v1481409161","1.3.3.12.1.1","468.09","","","","2"
"2021","Canada","2016A000011124","Average weekly wage rate","Part-time employees","Administrative occupations and transportation logistics occupations [13]","Both sexes","15 years and over","Current dollars","75","units","0","v1481409161","1.3.3.12.1.1","465.18","","","","2"
"2022","Canada","2016A000011124","Average weekly wage rate","Part-time employees","Administrative occupations and transportation logistics occupations [13]","Both sexes","15 years and over","Current dollars","75","units","0","v1481409161","1.3.3.12.1.1","478.80","","","","2"
"2023","Canada","2016A000011124","Average weekly wage rate","Part-time employees","Administrative occupations and transportation logistics occupations [13]","Both sexes","15 years and over","Current dollars","75","units","0","v1481409161","1.3.3.12.1.1","493.07","","","","2"
"2018","Canada","2016A000011124","Average weekly wage rate","Part-time employees","Administrative and financial support and supply chain logistics occupations [14]","Both sexes","15 years and over","Current dollars","75","units","0","v1481409173","1.3.3.13.1.1","333.23","","","","2"
"2019","Canada","2016A000011124","Average weekly wage rate","Part-time employees","Administrative and financial support and supply chain logistics occupations [14]","Both sexes","15 years and over","Current dollars","75","units","0","v1481409173","1.3.3.13.1.1","330.51","","","","2"
"2020","Canada","2016A000011124","Average weekly wage rate","Part-time employees","Administrative and financial support and supply chain logistics occupations [14]","Both sexes","15 years and over","Current dollars","75","units","0","v1481409173","1.3.3.13.1.1","366.01","","","","2"
"2021","Canada","2016A000011124","Average weekly wage rate","Part-time employees","Administrative and financial support and supply chain logistics occupations [14]","Both sexes","15 years and over","Current dollars","75","units","0","v1481409173","1.3.3.13.1.1","371.10","","","","2"
"2022","Canada","2016A000011124","Average weekly wage rate","Part-time employees","Administrative and financial support and supply chain logistics occupations [14]","Both sexes","15 years and over","Current dollars","75","units","0","v1481409173","1.3.3.13.1.1","372.19","","","","2"
"2023","Canada","2016A000011124","Average weekly wage rate","Part-time employees","Administrative and financial support and supply chain logistics occupations [14]","Both sexes","15 years and over","Current dollars","75","units","0","v1481409173","1.3.3.13.1.1","372.15","","","","2"
"2018","Canada","2016A000011124","Average weekly wage rate","Part-time employees","Natural and applied sciences and related occupations, except management [21-22]","Both sexes","15 years and over","Current dollars","75","units","0","v1481409185","1.3.3.14.1.1","552.64","","","","2"
"2019","Canada","2016A000011124","Average weekly wage rate","Part-time employees","Natural and applied sciences and related occupations, except management [21-22]","Both sexes","15 years and over","Current dollars","75","units","0","v1481409185","1.3.3.14.1.1","544.49","","","","2"
"2020","Canada","2016A000011124","Average weekly wage rate","Part-time employees","Natural and applied sciences and related occupations, except management [21-22]","Both sexes","15 years and over","Current dollars","75","units","0","v1481409185","1.3.3.14.1.1","627.11","","","","2"
"2021","Canada","2016A000011124","Average weekly wage rate","Part-time employees","Natural and applied sciences and related occupations, except management [21-22]","Both sexes","15 years and over","Current dollars","75","units","0","v1481409185","1.3.3.14.1.1","626.50","","","","2"
"2022","Canada","2016A000011124","Average weekly wage rate","Part-time employees","Natural and applied sciences and related occupations, except management [21-22]","Both sexes","15 years and over","Current dollars","75","units","0","v1481409185","1.3.3.14.1.1","641.80","","","","2"
"2023","Canada","2016A000011124","Average weekly wage rate","Part-time employees","Natural and applied sciences and related occupations, except management [21-22]","Both sexes","15 years and over","Current dollars","75","units","0","v1481409185","1.3.3.14.1.1","639.82","","","","2"
"2018","Canada","2016A000011124","Average weekly wage rate","Part-time employees","Professional occupations in natural and applied sciences [21]","Both sexes","15 years and over","Current dollars","75","units","0","v1481409197","1.3.3.15.1.1","684.03","","","","2"
"2019","Canada","2016A000011124","Average weekly wage rate","Part-time employees","Professional occupations in natural and applied sciences [21]","Both sexes","15 years and over","Current dollars","75","units","0","v1481409197","1.3.3.15.1.1","640.68","","","","2"
"2020","Canada","2016A000011124","Average weekly wage rate","Part-time employees","Professional occupations in natural and applied sciences [21]","Both sexes","15 years and over","Current dollars","75","units","0","v1481409197","1.3.3.15.1.1","784.80","","","","2"
"2021","Canada","2016A000011124","Average weekly wage rate","Part-time employees","Professional occupations in natural and applied sciences [21]","Both sexes","15 years and over","Current dollars","75","units","0","v1481409197","1.3.3.15.1.1","787.22","","","","2"
"2022","Canada","2016A000011124","Average weekly wage rate","Part-time employees","Professional occupations in natural and applied sciences [21]","Both sexes","15 years and over","Current dollars","75","units","0","v1481409197","1.3.3.15.1.1","793.66","","","","2"
"2023","Canada","2016A000011124","Average weekly wage rate","Part-time employees","Professional occupations in natural and applied sciences [21]","Both sexes","15 years and over","Current dollars","75","units","0","v1481409197","1.3.3.15.1.1","811.32","","","","2"
"2018","Canada","2016A000011124","Average weekly wage rate","Part-time employees","Professional occupations in natural sciences [211]","Both sexes","15 years and over","Current dollars","75","units","0","v1481409209","1.3.3.16.1.1","781.78","","","","2"
"2019","Canada","2016A000011124","Average weekly wage rate","Part-time employees","Professional occupations in natural sciences [211]","Both sexes","15 years and over","Current dollars","75","units","0","v1481409209","1.3.3.16.1.1","","x","","","2"
"2020","Canada","2016A000011124","Average weekly wage rate","Part-time employees","Professional occupations in natural sciences [211]","Both sexes","15 years and over","Current dollars","75","units","0","v1481409209","1.3.3.16.1.1","1163.80","","","","2"
"2021","Canada","2016A000011124","Average weekly wage rate","Part-time employees","Professional occupations in natural sciences [211]","Both sexes","15 years and over","Current dollars","75","units","0","v1481409209","1.3.3.16.1.1","","x","","","2"
"2022","Canada","2016A000011124","Average weekly wage rate","Part-time employees","Professional occupations in natural sciences [211]","Both sexes","15 years and over","Current dollars","75","units","0","v1481409209","1.3.3.16.1.1","702.22","","","","2"
"2023","Canada","2016A000011124","Average weekly wage rate","Part-time employees","Professional occupations in natural sciences [211]","Both sexes","15 years and over","Current dollars","75","units","0","v1481409209","1.3.3.16.1.1","819.77","","","","2"
"2018","Canada","2016A000011124","Average weekly wage rate","Part-time employees","Professional occupations in applied sciences (except engineering) [212]","Both sexes","15 years and over","Current dollars","75","units","0","v1481409221","1.3.3.17.1.1","565.23","","","","2"
"2019","Canada","2016A000011124","Average weekly wage rate","Part-time employees","Professional occupations in applied sciences (except engineering) [212]","Both sexes","15 years and over","Current dollars","75","units","0","v1481409221","1.3.3.17.1.1","547.15","","","","2"
"2020","Canada","2016A000011124","Average weekly wage rate","Part-time employees","Professional occupations in applied sciences (except engineering) [212]","Both sexes","15 years and over","Current dollars","75","units","0","v1481409221","1.3.3.17.1.1","702.36","","","","2"
"2021","Canada","2016A000011124","Average weekly wage rate","Part-time employees","Professional occupations in applied sciences (except engineering) [212]","Both sexes","15 years and over","Current dollars","75","units","0","v1481409221","1.3.3.17.1.1","707.17","","","","2"
"2022","Canada","2016A000011124","Average weekly wage rate","Part-time employees","Professional occupations in applied sciences (except engineering) [212]","Both sexes","15 years and over","Current dollars","75","units","0","v1481409221","1.3.3.17.1.1","695.01","","","","2"
"2023","Canada","2016A000011124","Average weekly wage rate","Part-time employees","Professional occupations in applied sciences (except engineering) [212]","Both sexes","15 years and over","Current dollars","75","units","0","v1481409221","1.3.3.17.1.1","741.67","","","","2"
"2018","Canada","2016A000011124","Average weekly wage rate","Part-time employees","Professional occupations in engineering [213]","Both sexes","15 years and over","Current dollars","75","units","0","v1481409233","1.3.3.18.1.1","952.42","","","","2"
"2019","Canada","2016A000011124","Average weekly wage rate","Part-time employees","Professional occupations in engineering [213]","Both sexes","15 years and over","Current dollars","75","units","0","v1481409233","1.3.3.18.1.1","933.24","","","","2"
"2020","Canada","2016A000011124","Average weekly wage rate","Part-time employees","Professional occupations in engineering [213]","Both sexes","15 years and over","Current dollars","75","units","0","v1481409233","1.3.3.18.1.1","978.45","","","","2"
"2021","Canada","2016A000011124","Average weekly wage rate","Part-time employees","Professional occupations in engineering [213]","Both sexes","15 years and over","Current dollars","75","units","0","v1481409233","1.3.3.18.1.1","1028.85","","","","2"
"2022","Canada","2016A000011124","Average weekly wage rate","Part-time employees","Professional occupations in engineering [213]","Both sexes","15 years and over","Current dollars","75","units","0","v1481409233","1.3.3.18.1.1","1076.66","","","","2"
"2023","Canada","2016A000011124","Average weekly wage rate","Part-time employees","Professional occupations in engineering [213]","Both sexes","15 years and over","Current dollars","75","units","0","v1481409233","1.3.3.18.1.1","1009.36","","","","2"
"2018","Canada","2016A000011124","Average weekly wage rate","Part-time employees","Technical occupations related to natural and applied sciences [22]","Both sexes","15 years and over","Current dollars","75","units","0","v1481409245","1.3.3.19.1.1","433.85","","","","2"
"2019","Canada","2016A000011124","Average weekly wage rate","Part-time employees","Technical occupations related to natural and applied sciences [22]","Both sexes","15 years and over","Current dollars","75","units","0","v1481409245","1.3.3.19.1.1","438.65","","","","2"
"2020","Canada","2016A000011124","Average weekly wage rate","Part-time employees","Technical occupations related to natural and applied sciences [22]","Both sexes","15 years and over","Current dollars","75","units","0","v1481409245","1.3.3.19.1.1","472.49","","","","2"
"2021","Canada","2016A000011124","Average weekly wage rate","Part-time employees","Technical occupations related to natural and applied sciences [22]","Both sexes","15 years and over","Current dollars","75","units","0","v1481409245","1.3.3.19.1.1","503.97","","","","2"
"2022","Canada","2016A000011124","Average weekly wage rate","Part-time employees","Technical occupations related to natural and applied sciences [22]","Both sexes","15 years and over","Current dollars","75","units","0","v1481409245","1.3.3.19.1.1","478.00","","","","2"
"2023","Canada","2016A000011124","Average weekly wage rate","Part-time employees","Technical occupations related to natural and applied sciences [22]","Both sexes","15 years and over","Current dollars","75","units","0","v1481409245","1.3.3.19.1.1","479.33","","","","2"
"2018","Canada","2016A000011124","Average weekly wage rate","Part-time employees","Health occupations, except management [31-33]","Both sexes","15 years and over","Current dollars","75","units","0","v1481409257","1.3.3.20.1.1","588.65","","","","2"
"2019","Canada","2016A000011124","Average weekly wage rate","Part-time employees","Health occupations, except management [31-33]","Both sexes","15 years and over","Current dollars","75","units","0","v1481409257","1.3.3.20.1.1","595.33","","","","2"
"2020","Canada","2016A000011124","Average weekly wage rate","Part-time employees","Health occupations, except management [31-33]","Both sexes","15 years and over","Current dollars","75","units","0","v1481409257","1.3.3.20.1.1","602.56","","","","2"
"2021","Canada","2016A000011124","Average weekly wage rate","Part-time employees","Health occupations, except management [31-33]","Both sexes","15 years and over","Current dollars","75","units","0","v1481409257","1.3.3.20.1.1","599.84","","","","2"
"2022","Canada","2016A000011124","Average weekly wage rate","Part-time employees","Health occupations, except management [31-33]","Both sexes","15 years and over","Current dollars","75","units","0","v1481409257","1.3.3.20.1.1","618.52","","","","2"
"2023","Canada","2016A000011124","Average weekly wage rate","Part-time employees","Health occupations, except management [31-33]","Both sexes","15 years and over","Current dollars","75","units","0","v1481409257","1.3.3.20.1.1","665.14","","","","2"
"2018","Canada","2016A000011124","Average weekly wage rate","Part-time employees","Professional occupations in health [31]","Both sexes","15 years and over","Current dollars","75","units","0","v1481409269","1.3.3.21.1.1","791.76","","","","2"
"2019","Canada","2016A000011124","Average weekly wage rate","Part-time employees","Professional occupations in health [31]","Both sexes","15 years and over","Current dollars","75","units","0","v1481409269","1.3.3.21.1.1","834.93","","","","2"
"2020","Canada","2016A000011124","Average weekly wage rate","Part-time employees","Professional occupations in health [31]","Both sexes","15 years and over","Current dollars","75","units","0","v1481409269","1.3.3.21.1.1","845.29","","","","2"
"2021","Canada","2016A000011124","Average weekly wage rate","Part-time employees","Professional occupations in health [31]","Both sexes","15 years and over","Current dollars","75","units","0","v1481409269","1.3.3.21.1.1","845.53","","","","2"
"2022","Canada","2016A000011124","Average weekly wage rate","Part-time employees","Professional occupations in health [31]","Both sexes","15 years and over","Current dollars","75","units","0","v1481409269","1.3.3.21.1.1","837.17","","","","2"
"2023","Canada","2016A000011124","Average weekly wage rate","Part-time employees","Professional occupations in health [31]","Both sexes","15 years and over","Current dollars","75","units","0","v1481409269","1.3.3.21.1.1","896.34","","","","2"
"2018","Canada","2016A000011124","Average weekly wage rate","Part-time employees","Health treating and consultation services professionals [311]","Both sexes","15 years and over","Current dollars","75","units","0","v1481409281","1.3.3.22.1.1","908.64","","","","2"
"2019","Canada","2016A000011124","Average weekly wage rate","Part-time employees","Health treating and consultation services professionals [311]","Both sexes","15 years and over","Current dollars","75","units","0","v1481409281","1.3.3.22.1.1","1046.99","","","","2"
"2020","Canada","2016A000011124","Average weekly wage rate","Part-time employees","Health treating and consultation services professionals [311]","Both sexes","15 years and over","Current dollars","75","units","0","v1481409281","1.3.3.22.1.1","987.61","","","","2"
"2021","Canada","2016A000011124","Average weekly wage rate","Part-time employees","Health treating and consultation services professionals [311]","Both sexes","15 years and over","Current dollars","75","units","0","v1481409281","1.3.3.22.1.1","996.04","","","","2"
"2022","Canada","2016A000011124","Average weekly wage rate","Part-time employees","Health treating and consultation services professionals [311]","Both sexes","15 years and over","Current dollars","75","units","0","v1481409281","1.3.3.22.1.1","984.21","","","","2"
"2023","Canada","2016A000011124","Average weekly wage rate","Part-time employees","Health treating and consultation services professionals [311]","Both sexes","15 years and over","Current dollars","75","units","0","v1481409281","1.3.3.22.1.1","1055.94","","","","2"
"2018","Canada","2016A000011124","Average weekly wage rate","Part-time employees","Therapy and assessment professionals [312]","Both sexes","15 years and over","Current dollars","75","units","0","v1481409293","1.3.3.23.1.1","827.58","","","","2"
"2019","Canada","2016A000011124","Average weekly wage rate","Part-time employees","Therapy and assessment professionals [312]","Both sexes","15 years and over","Current dollars","75","units","0","v1481409293","1.3.3.23.1.1","801.75","","","","2"
"2020","Canada","2016A000011124","Average weekly wage rate","Part-time employees","Therapy and assessment professionals [312]","Both sexes","15 years and over","Current dollars","75","units","0","v1481409293","1.3.3.23.1.1","848.73","","","","2"
"2021","Canada","2016A000011124","Average weekly wage rate","Part-time employees","Therapy and assessment professionals [312]","Both sexes","15 years and over","Current dollars","75","units","0","v1481409293","1.3.3.23.1.1","811.35","","","","2"
"2022","Canada","2016A000011124","Average weekly wage rate","Part-time employees","Therapy and assessment professionals [312]","Both sexes","15 years and over","Current dollars","75","units","0","v1481409293","1.3.3.23.1.1","903.83","","","","2"
"2023","Canada","2016A000011124","Average weekly wage rate","Part-time employees","Therapy and assessment professionals [312]","Both sexes","15 years and over","Current dollars","75","units","0","v1481409293","1.3.3.23.1.1","945.27","","","","2"
"2018","Canada","2016A000011124","Average weekly wage rate","Part-time employees","Nursing and allied health professionals [313]","Both sexes","15 years and over","Current dollars","75","units","0","v1481409305","1.3.3.24.1.1","759.98","","","","2"
"2019","Canada","2016A000011124","Average weekly wage rate","Part-time employees","Nursing and allied health professionals [313]","Both sexes","15 years and over","Current dollars","75","units","0","v1481409305","1.3.3.24.1.1","802.20","","","","2"
"2020","Canada","2016A000011124","Average weekly wage rate","Part-time employees","Nursing and allied health professionals [313]","Both sexes","15 years and over","Current dollars","75","units","0","v1481409305","1.3.3.24.1.1","809.26","","","","2"
"2021","Canada","2016A000011124","Average weekly wage rate","Part-time employees","Nursing and allied health professionals [313]","Both sexes","15 years and over","Current dollars","75","units","0","v1481409305","1.3.3.24.1.1","810.00","","","","2"
"2022","Canada","2016A000011124","Average weekly wage rate","Part-time employees","Nursing and allied health professionals [313]","Both sexes","15 years and over","Current dollars","75","units","0","v1481409305","1.3.3.24.1.1","784.80","","","","2"
"2023","Canada","2016A000011124","Average weekly wage rate","Part-time employees","Nursing and allied health professionals [313]","Both sexes","15 years and over","Current dollars","75","units","0","v1481409305","1.3.3.24.1.1","846.07","","","","2"
"2018","Canada","2016A000011124","Average weekly wage rate","Part-time employees","Technical occupations in health [32]","Both sexes","15 years and over","Current dollars","75","units","0","v1481409317","1.3.3.25.1.1","554.49","","","","2"
"2019","Canada","2016A000011124","Average weekly wage rate","Part-time employees","Technical occupations in health [32]","Both sexes","15 years and over","Current dollars","75","units","0","v1481409317","1.3.3.25.1.1","584.15","","","","2"
"2020","Canada","2016A000011124","Average weekly wage rate","Part-time employees","Technical occupations in health [32]","Both sexes","15 years and over","Current dollars","75","units","0","v1481409317","1.3.3.25.1.1","598.09","","","","2"
"2021","Canada","2016A000011124","Average weekly wage rate","Part-time employees","Technical occupations in health [32]","Both sexes","15 years and over","Current dollars","75","units","0","v1481409317","1.3.3.25.1.1","573.33","","","","2"
"2022","Canada","2016A000011124","Average weekly wage rate","Part-time employees","Technical occupations in health [32]","Both sexes","15 years and over","Current dollars","75","units","0","v1481409317","1.3.3.25.1.1","615.55","","","","2"
"2023","Canada","2016A000011124","Average weekly wage rate","Part-time employees","Technical occupations in health [32]","Both sexes","15 years and over","Current dollars","75","units","0","v1481409317","1.3.3.25.1.1","657.03","","","","2"
"2018","Canada","2016A000011124","Average weekly wage rate","Part-time employees","Assisting occupations in support of health services [33]","Both sexes","15 years and over","Current dollars","75","units","0","v1481409329","1.3.3.26.1.1","403.57","","","","2"
"2019","Canada","2016A000011124","Average weekly wage rate","Part-time employees","Assisting occupations in support of health services [33]","Both sexes","15 years and over","Current dollars","75","units","0","v1481409329","1.3.3.26.1.1","396.55","","","","2"
"2020","Canada","2016A000011124","Average weekly wage rate","Part-time employees","Assisting occupations in support of health services [33]","Both sexes","15 years and over","Current dollars","75","units","0","v1481409329","1.3.3.26.1.1","396.18","","","","2"
"2021","Canada","2016A000011124","Average weekly wage rate","Part-time employees","Assisting occupations in support of health services [33]","Both sexes","15 years and over","Current dollars","75","units","0","v1481409329","1.3.3.26.1.1","388.26","","","","2"
"2022","Canada","2016A000011124","Average weekly wage rate","Part-time employees","Assisting occupations in support of health services [33]","Both sexes","15 years and over","Current dollars","75","units","0","v1481409329","1.3.3.26.1.1","432.50","","","","2"
"2023","Canada","2016A000011124","Average weekly wage rate","Part-time employees","Assisting occupations in support of health services [33]","Both sexes","15 years and over","Current dollars","75","units","0","v1481409329","1.3.3.26.1.1","428.30","","","","2"
"2018","Canada","2016A000011124","Average weekly wage rate","Part-time employees","Occupations in education, law and social, community and government services, except management [41-45]","Both sexes","15 years and over","Current dollars","75","units","0","v1481409341","1.3.3.27.1.1","471.65","","","","2"
"2019","Canada","2016A000011124","Average weekly wage rate","Part-time employees","Occupations in education, law and social, community and government services, except management [41-45]","Both sexes","15 years and over","Current dollars","75","units","0","v1481409341","1.3.3.27.1.1","490.58","","","","2"
"2020","Canada","2016A000011124","Average weekly wage rate","Part-time employees","Occupations in education, law and social, community and government services, except management [41-45]","Both sexes","15 years and over","Current dollars","75","units","0","v1481409341","1.3.3.27.1.1","516.44","","","","2"
"2021","Canada","2016A000011124","Average weekly wage rate","Part-time employees","Occupations in education, law and social, community and government services, except management [41-45]","Both sexes","15 years and over","Current dollars","75","units","0","v1481409341","1.3.3.27.1.1","501.62","","","","2"
"2022","Canada","2016A000011124","Average weekly wage rate","Part-time employees","Occupations in education, law and social, community and government services, except management [41-45]","Both sexes","15 years and over","Current dollars","75","units","0","v1481409341","1.3.3.27.1.1","526.68","","","","2"
"2023","Canada","2016A000011124","Average weekly wage rate","Part-time employees","Occupations in education, law and social, community and government services, except management [41-45]","Both sexes","15 years and over","Current dollars","75","units","0","v1481409341","1.3.3.27.1.1","549.67","","","","2"
"2018","Canada","2016A000011124","Average weekly wage rate","Part-time employees","Professional occupations in law, education, social, community and government services [41]","Both sexes","15 years and over","Current dollars","75","units","0","v1481409353","1.3.3.28.1.1","605.85","","","","2"
"2019","Canada","2016A000011124","Average weekly wage rate","Part-time employees","Professional occupations in law, education, social, community and government services [41]","Both sexes","15 years and over","Current dollars","75","units","0","v1481409353","1.3.3.28.1.1","629.56","","","","2"
"2020","Canada","2016A000011124","Average weekly wage rate","Part-time employees","Professional occupations in law, education, social, community and government services [41]","Both sexes","15 years and over","Current dollars","75","units","0","v1481409353","1.3.3.28.1.1","648.73","","","","2"
"2021","Canada","2016A000011124","Average weekly wage rate","Part-time employees","Professional occupations in law, education, social, community and government services [41]","Both sexes","15 years and over","Current dollars","75","units","0","v1481409353","1.3.3.28.1.1","608.18","","","","2"
"2022","Canada","2016A000011124","Average weekly wage rate","Part-time employees","Professional occupations in law, education, social, community and government services [41]","Both sexes","15 years and over","Current dollars","75","units","0","v1481409353","1.3.3.28.1.1","654.94","","","","2"
"2023","Canada","2016A000011124","Average weekly wage rate","Part-time employees","Professional occupations in law, education, social, community and government services [41]","Both sexes","15 years and over","Current dollars","75","units","0","v1481409353","1.3.3.28.1.1","679.15","","","","2"
"2018","Canada","2016A000011124","Average weekly wage rate","Part-time employees","Professional occupations in law [411]","Both sexes","15 years and over","Current dollars","75","units","0","v1481409365","1.3.3.29.1.1","984.10","","","","2"
"2019","Canada","2016A000011124","Average weekly wage rate","Part-time employees","Professional occupations in law [411]","Both sexes","15 years and over","Current dollars","75","units","0","v1481409365","1.3.3.29.1.1","1198.23","","","","2"
"2020","Canada","2016A000011124","Average weekly wage rate","Part-time employees","Professional occupations in law [411]","Both sexes","15 years and over","Current dollars","75","units","0","v1481409365","1.3.3.29.1.1","1396.22","","","","2"
"2021","Canada","2016A000011124","Average weekly wage rate","Part-time employees","Professional occupations in law [411]","Both sexes","15 years and over","Current dollars","75","units","0","v1481409365","1.3.3.29.1.1","1475.73","","","","2"
"2022","Canada","2016A000011124","Average weekly wage rate","Part-time employees","Professional occupations in law [411]","Both sexes","15 years and over","Current dollars","75","units","0","v1481409365","1.3.3.29.1.1","1051.15","","","","2"
"2023","Canada","2016A000011124","Average weekly wage rate","Part-time employees","Professional occupations in law [411]","Both sexes","15 years and over","Current dollars","75","units","0","v1481409365","1.3.3.29.1.1","1184.82","","","","2"
"2018","Canada","2016A000011124","Average weekly wage rate","Part-time employees","Professional occupations in education services [412]","Both sexes","15 years and over","Current dollars","75","units","0","v1481409377","1.3.3.30.1.1","604.37","","","","2"
"2019","Canada","2016A000011124","Average weekly wage rate","Part-time employees","Professional occupations in education services [412]","Both sexes","15 years and over","Current dollars","75","units","0","v1481409377","1.3.3.30.1.1","624.15","","","","2"
"2020","Canada","2016A000011124","Average weekly wage rate","Part-time employees","Professional occupations in education services [412]","Both sexes","15 years and over","Current dollars","75","units","0","v1481409377","1.3.3.30.1.1","618.49","","","","2"
"2021","Canada","2016A000011124","Average weekly wage rate","Part-time employees","Professional occupations in education services [412]","Both sexes","15 years and over","Current dollars","75","units","0","v1481409377","1.3.3.30.1.1","575.37","","","","2"
"2022","Canada","2016A000011124","Average weekly wage rate","Part-time employees","Professional occupations in education services [412]","Both sexes","15 years and over","Current dollars","75","units","0","v1481409377","1.3.3.30.1.1","645.07","","","","2"
"2023","Canada","2016A000011124","Average weekly wage rate","Part-time employees","Professional occupations in education services [412]","Both sexes","15 years and over","Current dollars","75","units","0","v1481409377","1.3.3.30.1.1","675.08","","","","2"
"2018","Canada","2016A000011124","Average weekly wage rate","Part-time employees","Professional occupations in social and community services [413]","Both sexes","15 years and over","Current dollars","75","units","0","v1481409389","1.3.3.31.1.1","574.63","","","","2"
"2019","Canada","2016A000011124","Average weekly wage rate","Part-time employees","Professional occupations in social and community services [413]","Both sexes","15 years and over","Current dollars","75","units","0","v1481409389","1.3.3.31.1.1","619.10","","","","2"
"2020","Canada","2016A000011124","Average weekly wage rate","Part-time employees","Professional occupations in social and community services [413]","Both sexes","15 years and over","Current dollars","75","units","0","v1481409389","1.3.3.31.1.1","708.45","","","","2"
"2021","Canada","2016A000011124","Average weekly wage rate","Part-time employees","Professional occupations in social and community services [413]","Both sexes","15 years and over","Current dollars","75","units","0","v1481409389","1.3.3.31.1.1","713.23","","","","2"
"2022","Canada","2016A000011124","Average weekly wage rate","Part-time employees","Professional occupations in social and community services [413]","Both sexes","15 years and over","Current dollars","75","units","0","v1481409389","1.3.3.31.1.1","655.40","","","","2"
"2023","Canada","2016A000011124","Average weekly wage rate","Part-time employees","Professional occupations in social and community services [413]","Both sexes","15 years and over","Current dollars","75","units","0","v1481409389","1.3.3.31.1.1","665.01","","","","2"
"2018","Canada","2016A000011124","Average weekly wage rate","Part-time employees","Professional occupations in government services [414]","Both sexes","15 years and over","Current dollars","75","units","0","v1481409401","1.3.3.32.1.1","556.54","","","","2"
"2019","Canada","2016A000011124","Average weekly wage rate","Part-time employees","Professional occupations in government services [414]","Both sexes","15 years and over","Current dollars","75","units","0","v1481409401","1.3.3.32.1.1","570.11","","","","2"
"2020","Canada","2016A000011124","Average weekly wage rate","Part-time employees","Professional occupations in government services [414]","Both sexes","15 years and over","Current dollars","75","units","0","v1481409401","1.3.3.32.1.1","723.59","","","","2"
"2021","Canada","2016A000011124","Average weekly wage rate","Part-time employees","Professional occupations in government services [414]","Both sexes","15 years and over","Current dollars","75","units","0","v1481409401","1.3.3.32.1.1","710.04","","","","2"
"2022","Canada","2016A000011124","Average weekly wage rate","Part-time employees","Professional occupations in government services [414]","Both sexes","15 years and over","Current dollars","75","units","0","v1481409401","1.3.3.32.1.1","698.76","","","","2"
"2023","Canada","2016A000011124","Average weekly wage rate","Part-time employees","Professional occupations in government services [414]","Both sexes","15 years and over","Current dollars","75","units","0","v1481409401","1.3.3.32.1.1","651.88","","","","2"
"2018","Canada","2016A000011124","Average weekly wage rate","Part-time employees","Front-line public protection services and paraprofessional occupations in legal, social, community, education services [42]","Both sexes","15 years and over","Current dollars","75","units","0","v1481409413","1.3.3.33.1.1","348.74","","","","2"
"2019","Canada","2016A000011124","Average weekly wage rate","Part-time employees","Front-line public protection services and paraprofessional occupations in legal, social, community, education services [42]","Both sexes","15 years and over","Current dollars","75","units","0","v1481409413","1.3.3.33.1.1","356.41","","","","2"
"2020","Canada","2016A000011124","Average weekly wage rate","Part-time employees","Front-line public protection services and paraprofessional occupations in legal, social, community, education services [42]","Both sexes","15 years and over","Current dollars","75","units","0","v1481409413","1.3.3.33.1.1","372.35","","","","2"
"2021","Canada","2016A000011124","Average weekly wage rate","Part-time employees","Front-line public protection services and paraprofessional occupations in legal, social, community, education services [42]","Both sexes","15 years and over","Current dollars","75","units","0","v1481409413","1.3.3.33.1.1","412.66","","","","2"
"2022","Canada","2016A000011124","Average weekly wage rate","Part-time employees","Front-line public protection services and paraprofessional occupations in legal, social, community, education services [42]","Both sexes","15 years and over","Current dollars","75","units","0","v1481409413","1.3.3.33.1.1","414.63","","","","2"
"2023","Canada","2016A000011124","Average weekly wage rate","Part-time employees","Front-line public protection services and paraprofessional occupations in legal, social, community, education services [42]","Both sexes","15 years and over","Current dollars","75","units","0","v1481409413","1.3.3.33.1.1","436.66","","","","2"
"2018","Canada","2016A000011124","Average weekly wage rate","Part-time employees","Occupations in front-line public protection services [421]","Both sexes","15 years and over","Current dollars","75","units","0","v1481409425","1.3.3.34.1.1","537.33","","","","2"
"2019","Canada","2016A000011124","Average weekly wage rate","Part-time employees","Occupations in front-line public protection services [421]","Both sexes","15 years and over","Current dollars","75","units","0","v1481409425","1.3.3.34.1.1","445.53","","","","2"
"2020","Canada","2016A000011124","Average weekly wage rate","Part-time employees","Occupations in front-line public protection services [421]","Both sexes","15 years and over","Current dollars","75","units","0","v1481409425","1.3.3.34.1.1","419.87","","","","2"
"2021","Canada","2016A000011124","Average weekly wage rate","Part-time employees","Occupations in front-line public protection services [421]","Both sexes","15 years and over","Current dollars","75","units","0","v1481409425","1.3.3.34.1.1","388.21","","","","2"
"2022","Canada","2016A000011124","Average weekly wage rate","Part-time employees","Occupations in front-line public protection services [421]","Both sexes","15 years and over","Current dollars","75","units","0","v1481409425","1.3.3.34.1.1","502.71","","","","2"
"2023","Canada","2016A000011124","Average weekly wage rate","Part-time employees","Occupations in front-line public protection services [421]","Both sexes","15 years and over","Current dollars","75","units","0","v1481409425","1.3.3.34.1.1","886.96","","","","2"
"2018","Canada","2016A000011124","Average weekly wage rate","Part-time employees","Paraprofessional occupations in legal, social, community and education services [422]","Both sexes","15 years and over","Current dollars","75","units","0","v1481409437","1.3.3.35.1.1","344.82","","","","2"
"2019","Canada","2016A000011124","Average weekly wage rate","Part-time employees","Paraprofessional occupations in legal, social, community and education services [422]","Both sexes","15 years and over","Current dollars","75","units","0","v1481409437","1.3.3.35.1.1","353.57","","","","2"
"2020","Canada","2016A000011124","Average weekly wage rate","Part-time employees","Paraprofessional occupations in legal, social, community and education services [422]","Both sexes","15 years and over","Current dollars","75","units","0","v1481409437","1.3.3.35.1.1","370.41","","","","2"
"2021","Canada","2016A000011124","Average weekly wage rate","Part-time employees","Paraprofessional occupations in legal, social, community and education services [422]","Both sexes","15 years and over","Current dollars","75","units","0","v1481409437","1.3.3.35.1.1","413.46","","","","2"
"2022","Canada","2016A000011124","Average weekly wage rate","Part-time employees","Paraprofessional occupations in legal, social, community and education services [422]","Both sexes","15 years and over","Current dollars","75","units","0","v1481409437","1.3.3.35.1.1","411.86","","","","2"
"2023","Canada","2016A000011124","Average weekly wage rate","Part-time employees","Paraprofessional occupations in legal, social, community and education services [422]","Both sexes","15 years and over","Current dollars","75","units","0","v1481409437","1.3.3.35.1.1","421.82","","","","2"
"2018","Canada","2016A000011124","Average weekly wage rate","Part-time employees","Assisting occupations in education and in legal and public protection [43]","Both sexes","15 years and over","Current dollars","75","units","0","v1481409449","1.3.3.36.1.1","305.01","","","","2"
"2019","Canada","2016A000011124","Average weekly wage rate","Part-time employees","Assisting occupations in education and in legal and public protection [43]","Both sexes","15 years and over","Current dollars","75","units","0","v1481409449","1.3.3.36.1.1","318.14","","","","2"
"2020","Canada","2016A000011124","Average weekly wage rate","Part-time employees","Assisting occupations in education and in legal and public protection [43]","Both sexes","15 years and over","Current dollars","75","units","0","v1481409449","1.3.3.36.1.1","359.35","","","","2"
"2021","Canada","2016A000011124","Average weekly wage rate","Part-time employees","Assisting occupations in education and in legal and public protection [43]","Both sexes","15 years and over","Current dollars","75","units","0","v1481409449","1.3.3.36.1.1","340.07","","","","2"
"2022","Canada","2016A000011124","Average weekly wage rate","Part-time employees","Assisting occupations in education and in legal and public protection [43]","Both sexes","15 years and over","Current dollars","75","units","0","v1481409449","1.3.3.36.1.1","344.80","","","","2"
"2023","Canada","2016A000011124","Average weekly wage rate","Part-time employees","Assisting occupations in education and in legal and public protection [43]","Both sexes","15 years and over","Current dollars","75","units","0","v1481409449","1.3.3.36.1.1","399.93","","","","2"
"2018","Canada","2016A000011124","Average weekly wage rate","Part-time employees","Care providers and public protection support occupations and student monitors, crossing guards and related occupations [44-45]","Both sexes","15 years and over","Current dollars","75","units","0","v1481409461","1.3.3.37.1.1","299.76","","","","2"
"2019","Canada","2016A000011124","Average weekly wage rate","Part-time employees","Care providers and public protection support occupations and student monitors, crossing guards and related occupations [44-45]","Both sexes","15 years and over","Current dollars","75","units","0","v1481409461","1.3.3.37.1.1","291.42","","","","2"
"2020","Canada","2016A000011124","Average weekly wage rate","Part-time employees","Care providers and public protection support occupations and student monitors, crossing guards and related occupations [44-45]","Both sexes","15 years and over","Current dollars","75","units","0","v1481409461","1.3.3.37.1.1","310.44","","","","2"
"2021","Canada","2016A000011124","Average weekly wage rate","Part-time employees","Care providers and public protection support occupations and student monitors, crossing guards and related occupations [44-45]","Both sexes","15 years and over","Current dollars","75","units","0","v1481409461","1.3.3.37.1.1","319.58","","","","2"
"2022","Canada","2016A000011124","Average weekly wage rate","Part-time employees","Care providers and public protection support occupations and student monitors, crossing guards and related occupations [44-45]","Both sexes","15 years and over","Current dollars","75","units","0","v1481409461","1.3.3.37.1.1","345.82","","","","2"
"2023","Canada","2016A000011124","Average weekly wage rate","Part-time employees","Care providers and public protection support occupations and student monitors, crossing guards and related occupations [44-45]","Both sexes","15 years and over","Current dollars","75","units","0","v1481409461","1.3.3.37.1.1","318.48","","","","2"
"2018","Canada","2016A000011124","Average weekly wage rate","Part-time employees","Occupations in art, culture, recreation and sport, except management [51-55]","Both sexes","15 years and over","Current dollars","75","units","0","v1481409473","1.3.3.38.1.1","269.24","","","","2"
"2019","Canada","2016A000011124","Average weekly wage rate","Part-time employees","Occupations in art, culture, recreation and sport, except management [51-55]","Both sexes","15 years and over","Current dollars","75","units","0","v1481409473","1.3.3.38.1.1","249.65","","","","2"
"2020","Canada","2016A000011124","Average weekly wage rate","Part-time employees","Occupations in art, culture, recreation and sport, except management [51-55]","Both sexes","15 years and over","Current dollars","75","units","0","v1481409473","1.3.3.38.1.1","293.23","","","","2"
"2021","Canada","2016A000011124","Average weekly wage rate","Part-time employees","Occupations in art, culture, recreation and sport, except management [51-55]","Both sexes","15 years and over","Current dollars","75","units","0","v1481409473","1.3.3.38.1.1","314.37","","","","2"
"2022","Canada","2016A000011124","Average weekly wage rate","Part-time employees","Occupations in art, culture, recreation and sport, except management [51-55]","Both sexes","15 years and over","Current dollars","75","units","0","v1481409473","1.3.3.38.1.1","301.81","","","","2"
"2023","Canada","2016A000011124","Average weekly wage rate","Part-time employees","Occupations in art, culture, recreation and sport, except management [51-55]","Both sexes","15 years and over","Current dollars","75","units","0","v1481409473","1.3.3.38.1.1","308.86","","","","2"
"2018","Canada","2016A000011124","Average weekly wage rate","Part-time employees","Professional occupations in art and culture [51]","Both sexes","15 years and over","Current dollars","75","units","0","v1481409485","1.3.3.39.1.1","469.46","","","","2"
"2019","Canada","2016A000011124","Average weekly wage rate","Part-time employees","Professional occupations in art and culture [51]","Both sexes","15 years and over","Current dollars","75","units","0","v1481409485","1.3.3.39.1.1","360.71","","","","2"
"2020","Canada","2016A000011124","Average weekly wage rate","Part-time employees","Professional occupations in art and culture [51]","Both sexes","15 years and over","Current dollars","75","units","0","v1481409485","1.3.3.39.1.1","439.78","","","","2"
"2021","Canada","2016A000011124","Average weekly wage rate","Part-time employees","Professional occupations in art and culture [51]","Both sexes","15 years and over","Current dollars","75","units","0","v1481409485","1.3.3.39.1.1","443.42","","","","2"
"2022","Canada","2016A000011124","Average weekly wage rate","Part-time employees","Professional occupations in art and culture [51]","Both sexes","15 years and over","Current dollars","75","units","0","v1481409485","1.3.3.39.1.1","492.35","","","","2"
"2023","Canada","2016A000011124","Average weekly wage rate","Part-time employees","Professional occupations in art and culture [51]","Both sexes","15 years and over","Current dollars","75","units","0","v1481409485","1.3.3.39.1.1","455.06","","","","2"
"2018","Canada","2016A000011124","Average weekly wage rate","Part-time employees","Technical occupations in art, culture and sport [52]","Both sexes","15 years and over","Current dollars","75","units","0","v1481409497","1.3.3.40.1.1","441.70","","","","2"
"2019","Canada","2016A000011124","Average weekly wage rate","Part-time employees","Technical occupations in art, culture and sport [52]","Both sexes","15 years and over","Current dollars","75","units","0","v1481409497","1.3.3.40.1.1","429.86","","","","2"
"2020","Canada","2016A000011124","Average weekly wage rate","Part-time employees","Technical occupations in art, culture and sport [52]","Both sexes","15 years and over","Current dollars","75","units","0","v1481409497","1.3.3.40.1.1","501.54","","","","2"
"2021","Canada","2016A000011124","Average weekly wage rate","Part-time employees","Technical occupations in art, culture and sport [52]","Both sexes","15 years and over","Current dollars","75","units","0","v1481409497","1.3.3.40.1.1","465.82","","","","2"
"2022","Canada","2016A000011124","Average weekly wage rate","Part-time employees","Technical occupations in art, culture and sport [52]","Both sexes","15 years and over","Current dollars","75","units","0","v1481409497","1.3.3.40.1.1","510.57","","","","2"
"2023","Canada","2016A000011124","Average weekly wage rate","Part-time employees","Technical occupations in art, culture and sport [52]","Both sexes","15 years and over","Current dollars","75","units","0","v1481409497","1.3.3.40.1.1","518.48","","","","2"
"2018","Canada","2016A000011124","Average weekly wage rate","Part-time employees","Occupations in art, culture and sport [53]","Both sexes","15 years and over","Current dollars","75","units","0","v1481409509","1.3.3.41.1.1","204.87","","","","2"
"2019","Canada","2016A000011124","Average weekly wage rate","Part-time employees","Occupations in art, culture and sport [53]","Both sexes","15 years and over","Current dollars","75","units","0","v1481409509","1.3.3.41.1.1","236.68","","","","2"
"2020","Canada","2016A000011124","Average weekly wage rate","Part-time employees","Occupations in art, culture and sport [53]","Both sexes","15 years and over","Current dollars","75","units","0","v1481409509","1.3.3.41.1.1","279.90","","","","2"
"2021","Canada","2016A000011124","Average weekly wage rate","Part-time employees","Occupations in art, culture and sport [53]","Both sexes","15 years and over","Current dollars","75","units","0","v1481409509","1.3.3.41.1.1","327.82","","","","2"
"2022","Canada","2016A000011124","Average weekly wage rate","Part-time employees","Occupations in art, culture and sport [53]","Both sexes","15 years and over","Current dollars","75","units","0","v1481409509","1.3.3.41.1.1","273.57","","","","2"
"2023","Canada","2016A000011124","Average weekly wage rate","Part-time employees","Occupations in art, culture and sport [53]","Both sexes","15 years and over","Current dollars","75","units","0","v1481409509","1.3.3.41.1.1","337.91","","","","2"
"2018","Canada","2016A000011124","Average weekly wage rate","Part-time employees","Support occupations in art, culture and sport [54-55]","Both sexes","15 years and over","Current dollars","75","units","0","v1481409521","1.3.3.42.1.1","207.20","","","","2"
"2019","Canada","2016A000011124","Average weekly wage rate","Part-time employees","Support occupations in art, culture and sport [54-55]","Both sexes","15 years and over","Current dollars","75","units","0","v1481409521","1.3.3.42.1.1","205.36","","","","2"
"2020","Canada","2016A000011124","Average weekly wage rate","Part-time employees","Support occupations in art, culture and sport [54-55]","Both sexes","15 years and over","Current dollars","75","units","0","v1481409521","1.3.3.42.1.1","207.86","","","","2"
"2021","Canada","2016A000011124","Average weekly wage rate","Part-time employees","Support occupations in art, culture and sport [54-55]","Both sexes","15 years and over","Current dollars","75","units","0","v1481409521","1.3.3.42.1.1","236.80","","","","2"
"2022","Canada","2016A000011124","Average weekly wage rate","Part-time employees","Support occupations in art, culture and sport [54-55]","Both sexes","15 years and over","Current dollars","75","units","0","v1481409521","1.3.3.42.1.1","236.42","","","","2"
"2023","Canada","2016A000011124","Average weekly wage rate","Part-time employees","Support occupations in art, culture and sport [54-55]","Both sexes","15 years and over","Current dollars","75","units","0","v1481409521","1.3.3.42.1.1","238.44","","","","2"
"2018","Canada","2016A000011124","Average weekly wage rate","Part-time employees","Sales and service occupations, except management [62-65]","Both sexes","15 years and over","Current dollars","75","units","0","v1481409533","1.3.3.43.1.1","256.30","","","","2"
"2019","Canada","2016A000011124","Average weekly wage rate","Part-time employees","Sales and service occupations, except management [62-65]","Both sexes","15 years and over","Current dollars","75","units","0","v1481409533","1.3.3.43.1.1","263.44","","","","2"
"2020","Canada","2016A000011124","Average weekly wage rate","Part-time employees","Sales and service occupations, except management [62-65]","Both sexes","15 years and over","Current dollars","75","units","0","v1481409533","1.3.3.43.1.1","269.05","","","","2"
"2021","Canada","2016A000011124","Average weekly wage rate","Part-time employees","Sales and service occupations, except management [62-65]","Both sexes","15 years and over","Current dollars","75","units","0","v1481409533","1.3.3.43.1.1","275.17","","","","2"
"2022","Canada","2016A000011124","Average weekly wage rate","Part-time employees","Sales and service occupations, except management [62-65]","Both sexes","15 years and over","Current dollars","75","units","0","v1481409533","1.3.3.43.1.1","285.99","","","","2"
"2023","Canada","2016A000011124","Average weekly wage rate","Part-time employees","Sales and service occupations, except management [62-65]","Both sexes","15 years and over","Current dollars","75","units","0","v1481409533","1.3.3.43.1.1","294.67","","","","2"
"2018","Canada","2016A000011124","Average weekly wage rate","Part-time employees","Retail sales and service supervisors and specialized occupations in sales and services [62]","Both sexes","15 years and over","Current dollars","75","units","0","v1481409545","1.3.3.44.1.1","309.42","","","","2"
"2019","Canada","2016A000011124","Average weekly wage rate","Part-time employees","Retail sales and service supervisors and specialized occupations in sales and services [62]","Both sexes","15 years and over","Current dollars","75","units","0","v1481409545","1.3.3.44.1.1","337.02","","","","2"
"2020","Canada","2016A000011124","Average weekly wage rate","Part-time employees","Retail sales and service supervisors and specialized occupations in sales and services [62]","Both sexes","15 years and over","Current dollars","75","units","0","v1481409545","1.3.3.44.1.1","339.99","","","","2"
"2021","Canada","2016A000011124","Average weekly wage rate","Part-time employees","Retail sales and service supervisors and specialized occupations in sales and services [62]","Both sexes","15 years and over","Current dollars","75","units","0","v1481409545","1.3.3.44.1.1","351.42","","","","2"
"2022","Canada","2016A000011124","Average weekly wage rate","Part-time employees","Retail sales and service supervisors and specialized occupations in sales and services [62]","Both sexes","15 years and over","Current dollars","75","units","0","v1481409545","1.3.3.44.1.1","352.79","","","","2"
"2023","Canada","2016A000011124","Average weekly wage rate","Part-time employees","Retail sales and service supervisors and specialized occupations in sales and services [62]","Both sexes","15 years and over","Current dollars","75","units","0","v1481409545","1.3.3.44.1.1","367.27","","","","2"
"2018","Canada","2016A000011124","Average weekly wage rate","Part-time employees","Occupations in sales and services [63]","Both sexes","15 years and over","Current dollars","75","units","0","v1481409557","1.3.3.45.1.1","274.46","","","","2"
"2019","Canada","2016A000011124","Average weekly wage rate","Part-time employees","Occupations in sales and services [63]","Both sexes","15 years and over","Current dollars","75","units","0","v1481409557","1.3.3.45.1.1","298.76","","","","2"
"2020","Canada","2016A000011124","Average weekly wage rate","Part-time employees","Occupations in sales and services [63]","Both sexes","15 years and over","Current dollars","75","units","0","v1481409557","1.3.3.45.1.1","291.86","","","","2"
"2021","Canada","2016A000011124","Average weekly wage rate","Part-time employees","Occupations in sales and services [63]","Both sexes","15 years and over","Current dollars","75","units","0","v1481409557","1.3.3.45.1.1","312.54","","","","2"
"2022","Canada","2016A000011124","Average weekly wage rate","Part-time employees","Occupations in sales and services [63]","Both sexes","15 years and over","Current dollars","75","units","0","v1481409557","1.3.3.45.1.1","325.28","","","","2"
"2023","Canada","2016A000011124","Average weekly wage rate","Part-time employees","Occupations in sales and services [63]","Both sexes","15 years and over","Current dollars","75","units","0","v1481409557","1.3.3.45.1.1","329.84","","","","2"
"2018","Canada","2016A000011124","Average weekly wage rate","Part-time employees","Sales and service representatives and other customer and personal services occupations [64]","Both sexes","15 years and over","Current dollars","75","units","0","v1481409569","1.3.3.46.1.1","276.75","","","","2"
"2019","Canada","2016A000011124","Average weekly wage rate","Part-time employees","Sales and service representatives and other customer and personal services occupations [64]","Both sexes","15 years and over","Current dollars","75","units","0","v1481409569","1.3.3.46.1.1","277.13","","","","2"
"2020","Canada","2016A000011124","Average weekly wage rate","Part-time employees","Sales and service representatives and other customer and personal services occupations [64]","Both sexes","15 years and over","Current dollars","75","units","0","v1481409569","1.3.3.46.1.1","287.43","","","","2"
"2021","Canada","2016A000011124","Average weekly wage rate","Part-time employees","Sales and service representatives and other customer and personal services occupations [64]","Both sexes","15 years and over","Current dollars","75","units","0","v1481409569","1.3.3.46.1.1","291.63","","","","2"
"2022","Canada","2016A000011124","Average weekly wage rate","Part-time employees","Sales and service representatives and other customer and personal services occupations [64]","Both sexes","15 years and over","Current dollars","75","units","0","v1481409569","1.3.3.46.1.1","299.87","","","","2"
"2023","Canada","2016A000011124","Average weekly wage rate","Part-time employees","Sales and service representatives and other customer and personal services occupations [64]","Both sexes","15 years and over","Current dollars","75","units","0","v1481409569","1.3.3.46.1.1","317.00","","","","2"
"2018","Canada","2016A000011124","Average weekly wage rate","Part-time employees","Sales and service support occupations [65]","Both sexes","15 years and over","Current dollars","75","units","0","v1481409581","1.3.3.47.1.1","239.91","","","","2"
"2019","Canada","2016A000011124","Average weekly wage rate","Part-time employees","Sales and service support occupations [65]","Both sexes","15 years and over","Current dollars","75","units","0","v1481409581","1.3.3.47.1.1","246.22","","","","2"
"2020","Canada","2016A000011124","Average weekly wage rate","Part-time employees","Sales and service support occupations [65]","Both sexes","15 years and over","Current dollars","75","units","0","v1481409581","1.3.3.47.1.1","251.34","","","","2"
"2021","Canada","2016A000011124","Average weekly wage rate","Part-time employees","Sales and service support occupations [65]","Both sexes","15 years and over","Current dollars","75","units","0","v1481409581","1.3.3.47.1.1","256.07","","","","2"
"2022","Canada","2016A000011124","Average weekly wage rate","Part-time employees","Sales and service support occupations [65]","Both sexes","15 years and over","Current dollars","75","units","0","v1481409581","1.3.3.47.1.1","269.54","","","","2"
"2023","Canada","2016A000011124","Average weekly wage rate","Part-time employees","Sales and service support occupations [65]","Both sexes","15 years and over","Current dollars","75","units","0","v1481409581","1.3.3.47.1.1","275.08","","","","2"
"2018","Canada","2016A000011124","Average weekly wage rate","Part-time employees","Trades, transport and equipment operators and related occupations, except management [72-75]","Both sexes","15 years and over","Current dollars","75","units","0","v1481409593","1.3.3.48.1.1","358.34","","","","2"
"2019","Canada","2016A000011124","Average weekly wage rate","Part-time employees","Trades, transport and equipment operators and related occupations, except management [72-75]","Both sexes","15 years and over","Current dollars","75","units","0","v1481409593","1.3.3.48.1.1","393.51","","","","2"
"2020","Canada","2016A000011124","Average weekly wage rate","Part-time employees","Trades, transport and equipment operators and related occupations, except management [72-75]","Both sexes","15 years and over","Current dollars","75","units","0","v1481409593","1.3.3.48.1.1","390.53","","","","2"
"2021","Canada","2016A000011124","Average weekly wage rate","Part-time employees","Trades, transport and equipment operators and related occupations, except management [72-75]","Both sexes","15 years and over","Current dollars","75","units","0","v1481409593","1.3.3.48.1.1","395.46","","","","2"
"2022","Canada","2016A000011124","Average weekly wage rate","Part-time employees","Trades, transport and equipment operators and related occupations, except management [72-75]","Both sexes","15 years and over","Current dollars","75","units","0","v1481409593","1.3.3.48.1.1","415.84","","","","2"
"2023","Canada","2016A000011124","Average weekly wage rate","Part-time employees","Trades, transport and equipment operators and related occupations, except management [72-75]","Both sexes","15 years and over","Current dollars","75","units","0","v1481409593","1.3.3.48.1.1","444.71","","","","2"
"2018","Canada","2016A000011124","Average weekly wage rate","Part-time employees","Technical trades and transportation officers and controllers [72]","Both sexes","15 years and over","Current dollars","75","units","0","v1481409605","1.3.3.49.1.1","553.61","","","","2"
"2019","Canada","2016A000011124","Average weekly wage rate","Part-time employees","Technical trades and transportation officers and controllers [72]","Both sexes","15 years and over","Current dollars","75","units","0","v1481409605","1.3.3.49.1.1","629.23","","","","2"
"2020","Canada","2016A000011124","Average weekly wage rate","Part-time employees","Technical trades and transportation officers and controllers [72]","Both sexes","15 years and over","Current dollars","75","units","0","v1481409605","1.3.3.49.1.1","617.34","","","","2"
"2021","Canada","2016A000011124","Average weekly wage rate","Part-time employees","Technical trades and transportation officers and controllers [72]","Both sexes","15 years and over","Current dollars","75","units","0","v1481409605","1.3.3.49.1.1","600.55","","","","2"
"2022","Canada","2016A000011124","Average weekly wage rate","Part-time employees","Technical trades and transportation officers and controllers [72]","Both sexes","15 years and over","Current dollars","75","units","0","v1481409605","1.3.3.49.1.1","624.74","","","","2"
"2023","Canada","2016A000011124","Average weekly wage rate","Part-time employees","Technical trades and transportation officers and controllers [72]","Both sexes","15 years and over","Current dollars","75","units","0","v1481409605","1.3.3.49.1.1","683.82","","","","2"
"2018","Canada","2016A000011124","Average weekly wage rate","Part-time employees","General trades [73]","Both sexes","15 years and over","Current dollars","75","units","0","v1481409617","1.3.3.50.1.1","365.17","","","","2"
"2019","Canada","2016A000011124","Average weekly wage rate","Part-time employees","General trades [73]","Both sexes","15 years and over","Current dollars","75","units","0","v1481409617","1.3.3.50.1.1","384.35","","","","2"
"2020","Canada","2016A000011124","Average weekly wage rate","Part-time employees","General trades [73]","Both sexes","15 years and over","Current dollars","75","units","0","v1481409617","1.3.3.50.1.1","387.13","","","","2"
"2021","Canada","2016A000011124","Average weekly wage rate","Part-time employees","General trades [73]","Both sexes","15 years and over","Current dollars","75","units","0","v1481409617","1.3.3.50.1.1","400.36","","","","2"
"2022","Canada","2016A000011124","Average weekly wage rate","Part-time employees","General trades [73]","Both sexes","15 years and over","Current dollars","75","units","0","v1481409617","1.3.3.50.1.1","413.14","","","","2"
"2023","Canada","2016A000011124","Average weekly wage rate","Part-time employees","General trades [73]","Both sexes","15 years and over","Current dollars","75","units","0","v1481409617","1.3.3.50.1.1","440.04","","","","2"
"2018","Canada","2016A000011124","Average weekly wage rate","Part-time employees","Mail and message distribution, other transport equipment operators and related maintenance workers [74]","Both sexes","15 years and over","Current dollars","75","units","0","v1481409629","1.3.3.51.1.1","329.09","","","","2"
"2019","Canada","2016A000011124","Average weekly wage rate","Part-time employees","Mail and message distribution, other transport equipment operators and related maintenance workers [74]","Both sexes","15 years and over","Current dollars","75","units","0","v1481409629","1.3.3.51.1.1","339.35","","","","2"
"2020","Canada","2016A000011124","Average weekly wage rate","Part-time employees","Mail and message distribution, other transport equipment operators and related maintenance workers [74]","Both sexes","15 years and over","Current dollars","75","units","0","v1481409629","1.3.3.51.1.1","344.18","","","","2"
"2021","Canada","2016A000011124","Average weekly wage rate","Part-time employees","Mail and message distribution, other transport equipment operators and related maintenance workers [74]","Both sexes","15 years and over","Current dollars","75","units","0","v1481409629","1.3.3.51.1.1","365.29","","","","2"
"2022","Canada","2016A000011124","Average weekly wage rate","Part-time employees","Mail and message distribution, other transport equipment operators and related maintenance workers [74]","Both sexes","15 years and over","Current dollars","75","units","0","v1481409629","1.3.3.51.1.1","368.00","","","","2"
"2023","Canada","2016A000011124","Average weekly wage rate","Part-time employees","Mail and message distribution, other transport equipment operators and related maintenance workers [74]","Both sexes","15 years and over","Current dollars","75","units","0","v1481409629","1.3.3.51.1.1","442.31","","","","2"
"2018","Canada","2016A000011124","Average weekly wage rate","Part-time employees","Helpers and labourers and other transport drivers, operators and labourers [75]","Both sexes","15 years and over","Current dollars","75","units","0","v1481409641","1.3.3.52.1.1","273.45","","","","2"
"2019","Canada","2016A000011124","Average weekly wage rate","Part-time employees","Helpers and labourers and other transport drivers, operators and labourers [75]","Both sexes","15 years and over","Current dollars","75","units","0","v1481409641","1.3.3.52.1.1","294.21","","","","2"
"2020","Canada","2016A000011124","Average weekly wage rate","Part-time employees","Helpers and labourers and other transport drivers, operators and labourers [75]","Both sexes","15 years and over","Current dollars","75","units","0","v1481409641","1.3.3.52.1.1","295.34","","","","2"
"2021","Canada","2016A000011124","Average weekly wage rate","Part-time employees","Helpers and labourers and other transport drivers, operators and labourers [75]","Both sexes","15 years and over","Current dollars","75","units","0","v1481409641","1.3.3.52.1.1","304.40","","","","2"
"2022","Canada","2016A000011124","Average weekly wage rate","Part-time employees","Helpers and labourers and other transport drivers, operators and labourers [75]","Both sexes","15 years and over","Current dollars","75","units","0","v1481409641","1.3.3.52.1.1","338.10","","","","2"
"2023","Canada","2016A000011124","Average weekly wage rate","Part-time employees","Helpers and labourers and other transport drivers, operators and labourers [75]","Both sexes","15 years and over","Current dollars","75","units","0","v1481409641","1.3.3.52.1.1","333.15","","","","2"
"2018","Canada","2016A000011124","Average weekly wage rate","Part-time employees","Natural resources, agriculture and related production occupations, except management [82-85]","Both sexes","15 years and over","Current dollars","75","units","0","v1481409653","1.3.3.53.1.1","252.81","","","","2"
"2019","Canada","2016A000011124","Average weekly wage rate","Part-time employees","Natural resources, agriculture and related production occupations, except management [82-85]","Both sexes","15 years and over","Current dollars","75","units","0","v1481409653","1.3.3.53.1.1","302.58","","","","2"
"2020","Canada","2016A000011124","Average weekly wage rate","Part-time employees","Natural resources, agriculture and related production occupations, except management [82-85]","Both sexes","15 years and over","Current dollars","75","units","0","v1481409653","1.3.3.53.1.1","301.29","","","","2"
"2021","Canada","2016A000011124","Average weekly wage rate","Part-time employees","Natural resources, agriculture and related production occupations, except management [82-85]","Both sexes","15 years and over","Current dollars","75","units","0","v1481409653","1.3.3.53.1.1","294.41","","","","2"
"2022","Canada","2016A000011124","Average weekly wage rate","Part-time employees","Natural resources, agriculture and related production occupations, except management [82-85]","Both sexes","15 years and over","Current dollars","75","units","0","v1481409653","1.3.3.53.1.1","300.75","","","","2"
"2023","Canada","2016A000011124","Average weekly wage rate","Part-time employees","Natural resources, agriculture and related production occupations, except management [82-85]","Both sexes","15 years and over","Current dollars","75","units","0","v1481409653","1.3.3.53.1.1","336.10","","","","2"
"2018","Canada","2016A000011124","Average weekly wage rate","Part-time employees","Supervisors and occupations in natural resources, agriculture and related production [82-83]","Both sexes","15 years and over","Current dollars","75","units","0","v1481409665","1.3.3.54.1.1","586.70","","","","2"
"2019","Canada","2016A000011124","Average weekly wage rate","Part-time employees","Supervisors and occupations in natural resources, agriculture and related production [82-83]","Both sexes","15 years and over","Current dollars","75","units","0","v1481409665","1.3.3.54.1.1","657.94","","","","2"
"2020","Canada","2016A000011124","Average weekly wage rate","Part-time employees","Supervisors and occupations in natural resources, agriculture and related production [82-83]","Both sexes","15 years and over","Current dollars","75","units","0","v1481409665","1.3.3.54.1.1","","x","","","2"
"2021","Canada","2016A000011124","Average weekly wage rate","Part-time employees","Supervisors and occupations in natural resources, agriculture and related production [82-83]","Both sexes","15 years and over","Current dollars","75","units","0","v1481409665","1.3.3.54.1.1","481.37","","","","2"
"2022","Canada","2016A000011124","Average weekly wage rate","Part-time employees","Supervisors and occupations in natural resources, agriculture and related production [82-83]","Both sexes","15 years and over","Current dollars","75","units","0","v1481409665","1.3.3.54.1.1","582.62","","","","2"
"2023","Canada","2016A000011124","Average weekly wage rate","Part-time employees","Supervisors and occupations in natural resources, agriculture and related production [82-83]","Both sexes","15 years and over","Current dollars","75","units","0","v1481409665","1.3.3.54.1.1","584.73","","","","2"
"2018","Canada","2016A000011124","Average weekly wage rate","Part-time employees","Workers and labourers in natural resources, agriculture and related production [84-85]","Both sexes","15 years and over","Current dollars","75","units","0","v1481409677","1.3.3.55.1.1","237.11","","","","2"
"2019","Canada","2016A000011124","Average weekly wage rate","Part-time employees","Workers and labourers in natural resources, agriculture and related production [84-85]","Both sexes","15 years and over","Current dollars","75","units","0","v1481409677","1.3.3.55.1.1","277.91","","","","2"
"2020","Canada","2016A000011124","Average weekly wage rate","Part-time employees","Workers and labourers in natural resources, agriculture and related production [84-85]","Both sexes","15 years and over","Current dollars","75","units","0","v1481409677","1.3.3.55.1.1","282.87","","","","2"
"2021","Canada","2016A000011124","Average weekly wage rate","Part-time employees","Workers and labourers in natural resources, agriculture and related production [84-85]","Both sexes","15 years and over","Current dollars","75","units","0","v1481409677","1.3.3.55.1.1","285.56","","","","2"
"2022","Canada","2016A000011124","Average weekly wage rate","Part-time employees","Workers and labourers in natural resources, agriculture and related production [84-85]","Both sexes","15 years and over","Current dollars","75","units","0","v1481409677","1.3.3.55.1.1","287.76","","","","2"
"2023","Canada","2016A000011124","Average weekly wage rate","Part-time employees","Workers and labourers in natural resources, agriculture and related production [84-85]","Both sexes","15 years and over","Current dollars","75","units","0","v1481409677","1.3.3.55.1.1","323.71","","","","2"
"2018","Canada","2016A000011124","Average weekly wage rate","Part-time employees","Occupations in manufacturing and utilities, except management [92-95]","Both sexes","15 years and over","Current dollars","75","units","0","v1481409689","1.3.3.56.1.1","311.03","","","","2"
"2019","Canada","2016A000011124","Average weekly wage rate","Part-time employees","Occupations in manufacturing and utilities, except management [92-95]","Both sexes","15 years and over","Current dollars","75","units","0","v1481409689","1.3.3.56.1.1","322.59","","","","2"
"2020","Canada","2016A000011124","Average weekly wage rate","Part-time employees","Occupations in manufacturing and utilities, except management [92-95]","Both sexes","15 years and over","Current dollars","75","units","0","v1481409689","1.3.3.56.1.1","336.83","","","","2"
"2021","Canada","2016A000011124","Average weekly wage rate","Part-time employees","Occupations in manufacturing and utilities, except management [92-95]","Both sexes","15 years and over","Current dollars","75","units","0","v1481409689","1.3.3.56.1.1","327.23","","","","2"
"2022","Canada","2016A000011124","Average weekly wage rate","Part-time employees","Occupations in manufacturing and utilities, except management [92-95]","Both sexes","15 years and over","Current dollars","75","units","0","v1481409689","1.3.3.56.1.1","354.14","","","","2"
"2023","Canada","2016A000011124","Average weekly wage rate","Part-time employees","Occupations in manufacturing and utilities, except management [92-95]","Both sexes","15 years and over","Current dollars","75","units","0","v1481409689","1.3.3.56.1.1","380.15","","","","2"
"2018","Canada","2016A000011124","Average weekly wage rate","Part-time employees","Supervisors, central control and process operators in processing, manufacturing and utilities and aircraft assemblers and inspectors [92-93]","Both sexes","15 years and over","Current dollars","75","units","0","v1481409701","1.3.3.57.1.1","726.51","","","","2"
"2019","Canada","2016A000011124","Average weekly wage rate","Part-time employees","Supervisors, central control and process operators in processing, manufacturing and utilities and aircraft assemblers and inspectors [92-93]","Both sexes","15 years and over","Current dollars","75","units","0","v1481409701","1.3.3.57.1.1","506.12","","","","2"
"2020","Canada","2016A000011124","Average weekly wage rate","Part-time employees","Supervisors, central control and process operators in processing, manufacturing and utilities and aircraft assemblers and inspectors [92-93]","Both sexes","15 years and over","Current dollars","75","units","0","v1481409701","1.3.3.57.1.1","534.95","","","","2"
"2021","Canada","2016A000011124","Average weekly wage rate","Part-time employees","Supervisors, central control and process operators in processing, manufacturing and utilities and aircraft assemblers and inspectors [92-93]","Both sexes","15 years and over","Current dollars","75","units","0","v1481409701","1.3.3.57.1.1","503.97","","","","2"
"2022","Canada","2016A000011124","Average weekly wage rate","Part-time employees","Supervisors, central control and process operators in processing, manufacturing and utilities and aircraft assemblers and inspectors [92-93]","Both sexes","15 years and over","Current dollars","75","units","0","v1481409701","1.3.3.57.1.1","446.79","","","","2"
"2023","Canada","2016A000011124","Average weekly wage rate","Part-time employees","Supervisors, central control and process operators in processing, manufacturing and utilities and aircraft assemblers and inspectors [92-93]","Both sexes","15 years and over","Current dollars","75","units","0","v1481409701","1.3.3.57.1.1","560.80","","","","2"
"2018","Canada","2016A000011124","Average weekly wage rate","Part-time employees","Machine operators, assemblers and inspectors in processing, manufacturing and printing [94]","Both sexes","15 years and over","Current dollars","75","units","0","v1481409713","1.3.3.58.1.1","293.80","","","","2"
"2019","Canada","2016A000011124","Average weekly wage rate","Part-time employees","Machine operators, assemblers and inspectors in processing, manufacturing and printing [94]","Both sexes","15 years and over","Current dollars","75","units","0","v1481409713","1.3.3.58.1.1","315.25","","","","2"
"2020","Canada","2016A000011124","Average weekly wage rate","Part-time employees","Machine operators, assemblers and inspectors in processing, manufacturing and printing [94]","Both sexes","15 years and over","Current dollars","75","units","0","v1481409713","1.3.3.58.1.1","335.98","","","","2"
"2021","Canada","2016A000011124","Average weekly wage rate","Part-time employees","Machine operators, assemblers and inspectors in processing, manufacturing and printing [94]","Both sexes","15 years and over","Current dollars","75","units","0","v1481409713","1.3.3.58.1.1","320.71","","","","2"
"2022","Canada","2016A000011124","Average weekly wage rate","Part-time employees","Machine operators, assemblers and inspectors in processing, manufacturing and printing [94]","Both sexes","15 years and over","Current dollars","75","units","0","v1481409713","1.3.3.58.1.1","370.10","","","","2"
"2023","Canada","2016A000011124","Average weekly wage rate","Part-time employees","Machine operators, assemblers and inspectors in processing, manufacturing and printing [94]","Both sexes","15 years and over","Current dollars","75","units","0","v1481409713","1.3.3.58.1.1","380.28","","","","2"
"2018","Canada","2016A000011124","Average weekly wage rate","Part-time employees","Labourers in processing, manufacturing and utilities [95]","Both sexes","15 years and over","Current dollars","75","units","0","v1481409725","1.3.3.59.1.1","252.74","","","","2"
"2019","Canada","2016A000011124","Average weekly wage rate","Part-time employees","Labourers in processing, manufacturing and utilities [95]","Both sexes","15 years and over","Current dollars","75","units","0","v1481409725","1.3.3.59.1.1","291.94","","","","2"
"2020","Canada","2016A000011124","Average weekly wage rate","Part-time employees","Labourers in processing, manufacturing and utilities [95]","Both sexes","15 years and over","Current dollars","75","units","0","v1481409725","1.3.3.59.1.1","286.55","","","","2"
"2021","Canada","2016A000011124","Average weekly wage rate","Part-time employees","Labourers in processing, manufacturing and utilities [95]","Both sexes","15 years and over","Current dollars","75","units","0","v1481409725","1.3.3.59.1.1","282.94","","","","2"
"2022","Canada","2016A000011124","Average weekly wage rate","Part-time employees","Labourers in processing, manufacturing and utilities [95]","Both sexes","15 years and over","Current dollars","75","units","0","v1481409725","1.3.3.59.1.1","306.14","","","","2"
"2023","Canada","2016A000011124","Average weekly wage rate","Part-time employees","Labourers in processing, manufacturing and utilities [95]","Both sexes","15 years and over","Current dollars","75","units","0","v1481409725","1.3.3.59.1.1","315.82","","","","2"


